{"cameraMode":{"drawMode":0,"name":"Shaded","section":"Shading Mode"},"sceneLighting":true,"audioPlay":false,"sceneViewState":{"m_AlwaysRefresh":false,"showFog":false,"showSkybox":false,"showFlares":false,"showImageEffects":false,"showParticleSystems":true,"showVisualEffectGraphs":true,"m_FxEnabled":true},"in2DMode":false,"pivot":{"x":1.9106526374816895,"y":-1.779102087020874,"z":-0.014452815055847168},"rotation":{"x":0.3270144760608673,"y":-0.062310051172971728,"z":0.021614231169223787,"w":0.9427155256271362},"size":4.34787654876709,"orthographic":false}